language_uid,language_iso2,language_iso2_google,language_wals_code,language_name_fr,language_name_native,language_name_en,language_is_available,language_alpha3,language_genus_fr,language_desc,language_countries
ams,ar,ar,ams,Arabe,عرب,Arabic,TRUE,ara,Sémitique,"L’arabe standard moderne est le nom que la majorité des universitaires occidentaux donnent à une variante moderne de la langue arabe, celle qui est enseignée dans les écoles contemporaines et qui est utilisée dans les médias, l'édition ou encore des situations officielles. En arabe, on l'appelle souvent l'arabe pur moderne : العربية الفصحى الحديثة - al-ʿarabiyya al-fuṣḥā al-ḥadīṯa. Cette langue se distingue à la fois de l'arabe classique ancien (langue de la poésie préislamique), de l'arabe coranique (langue du Coran), de l'arabe classique post-coranique (langue de la civilisation arabo-musulmane, appelée, en arabe, arabe pur patrimonial: العربية الفصحى التراث - al-ʿarabiyya al-fuṣḥā al-turāṯ), et aussi de l'arabe dialectal (arabe populaire: العربية الدّارجة, al-ʿarabiyyah ad-dārijah).

L'arabe standard moderne et l'arabe classique constituent ensemble l'arabe littéraire, dit aussi arabe littéral. En outre, l'arabe est une langue marquée par la diglossie. En effet, on trouve dans la langue arabe deux registres de langue, l'arabe littéral (littéraire) et l'arabe dialectal. De ce fait, l'arabe littéral est considéré comme une langue-toit.","[{'alpha-2_code': 'BH', 'country_name_fr': 'Bahreïn', 'popularity': '90.00%', 'speakers ': '', 'is_official ': 'FALSE', 'official': 'Beaucoup d’immigrés d’origine persane, pakistanaise ou indienne.'}, {'alpha-2_code': 'AE', 'country_name_fr': 'Émirats Arabes Unis', 'popularity': '', 'speakers ': '', 'is_official ': 'FALSE', 'official': ''}, {'alpha-2_code': 'DZ', 'country_name_fr': 'Algérie', 'popularity': '100.00%', 'speakers ': '', 'is_official ': 'TRUE', 'official': 'Langue officielle'}, {'alpha-2_code': 'EG', 'country_name_fr': 'Égypte', 'popularity': '100.00%', 'speakers ': '', 'is_official ': 'FALSE', 'official': ''}, {'alpha-2_code': 'EH', 'country_name_fr': 'Sahara Occidental', 'popularity': '', 'speakers ': '', 'is_official ': 'TRUE', 'official': 'Langue officielle '}, {'alpha-2_code': 'ER', 'country_name_fr': 'Érythrée', 'popularity': '', 'speakers ': '', 'is_official ': 'FALSE', 'official': ''}, {'alpha-2_code': 'IL', 'country_name_fr': 'Israël', 'popularity': '', 'speakers ': '', 'is_official ': 'FALSE', 'official': ''}, {'alpha-2_code': 'IQ', 'country_name_fr': 'Iraq', 'popularity': '', 'speakers ': '', 'is_official ': 'FALSE', 'official': ''}, {'alpha-2_code': 'JO', 'country_name_fr': 'Jordanie', 'popularity': '', 'speakers ': '', 'is_official ': 'FALSE', 'official': ''}, {'alpha-2_code': 'KM', 'country_name_fr': 'Comores', 'popularity': '', 'speakers ': '', 'is_official ': 'FALSE', 'official': ''}, {'alpha-2_code': 'KW', 'country_name_fr': 'Koweït', 'popularity': '', 'speakers ': '', 'is_official ': 'FALSE', 'official': ''}, {'alpha-2_code': 'LB', 'country_name_fr': 'Liban', 'popularity': '', 'speakers ': '', 'is_official ': 'FALSE', 'official': ''}, {'alpha-2_code': 'LY', 'country_name_fr': 'Libye', 'popularity': '', 'speakers ': '', 'is_official ': 'FALSE', 'official': ''}, {'alpha-2_code': 'MA', 'country_name_fr': 'Maroc', 'popularity': '100%%', 'speakers ': '', 'is_official ': 'TRUE', 'official': 'langue officielle. Appelée aussi Fârsi'}, {'alpha-2_code': 'MR', 'country_name_fr': 'Mauritanie', 'popularity': '51.00%', 'speakers ': '', 'is_official ': 'FALSE', 'official': ''}, {'alpha-2_code': 'OM', 'country_name_fr': 'Oman', 'popularity': '', 'speakers ': '', 'is_official ': 'FALSE', 'official': ''}, {'alpha-2_code': 'PS', 'country_name_fr': 'Territoire Palestinien Occupé', 'popularity': '', 'speakers ': '', 'is_official ': 'FALSE', 'official': ''}, {'alpha-2_code': 'QA', 'country_name_fr': 'Qatar', 'popularity': '', 'speakers ': '', 'is_official ': 'FALSE', 'official': ''}, {'alpha-2_code': 'SA', 'country_name_fr': 'Arabie Saoudite', 'popularity': '', 'speakers ': '', 'is_official ': 'FALSE', 'official': ''}, {'alpha-2_code': 'SD', 'country_name_fr': 'Soudan', 'popularity': '60.00%', 'speakers ': '26,000,000.00', 'is_official ': 'TRUE', 'official': 'Langue officielle'}, {'alpha-2_code': 'SO', 'country_name_fr': 'Somalie', 'popularity': '', 'speakers ': '', 'is_official ': 'FALSE', 'official': ''}, {'alpha-2_code': 'SY', 'country_name_fr': 'Syrie', 'popularity': '', 'speakers ': '', 'is_official ': 'FALSE', 'official': ''}, {'alpha-2_code': 'TN', 'country_name_fr': 'Tunisie', 'popularity': '', 'speakers ': '', 'is_official ': 'FALSE', 'official': ''}, {'alpha-2_code': 'YE', 'country_name_fr': 'Yémen', 'popularity': '', 'speakers ': '', 'is_official ': 'FALSE', 'official': ''}, {'alpha-2_code': 'YE', 'country_name_fr': 'Yémen', 'popularity': '', 'speakers ': '', 'is_official ': 'FALSE', 'official': ''}]"
eng,en,en,eng,Anglais,English,English,TRUE,eng,Germanique,,"[{'alpha-2_code': 'BE', 'country_name_fr': 'Belgique', 'popularity': '40.00%', 'speakers ': '4,800,000', 'is_official ': 'FALSE', 'official': ''}, {'alpha-2_code': 'CZ', 'country_name_fr': 'Tchéquie', 'popularity': '27.00%', 'speakers ': '2,970,000', 'is_official ': 'FALSE', 'official': ''}, {'alpha-2_code': 'DE', 'country_name_fr': 'Allemagne', 'popularity': '50.00%', 'speakers ': '40,000,000', 'is_official ': 'FALSE', 'official': ''}, {'alpha-2_code': 'DK', 'country_name_fr': 'Danemark', 'popularity': '86.00%', 'speakers ': '5,160,000', 'is_official ': 'FALSE', 'official': ''}, {'alpha-2_code': 'EE', 'country_name_fr': 'Estonie', 'popularity': '38.00%', 'speakers ': '456,000', 'is_official ': 'FALSE', 'official': ''}, {'alpha-2_code': 'FI', 'country_name_fr': 'Finlande', 'popularity': '70.00%', 'speakers ': '4,200,000', 'is_official ': 'FALSE', 'official': ''}, {'alpha-2_code': 'GB', 'country_name_fr': 'Royaume-Uni', 'popularity': '100.00%', 'speakers ': '67,000,000', 'is_official ': 'TRUE', 'official': 'Langue officielle'}, {'alpha-2_code': 'IE', 'country_name_fr': 'Irlande', 'popularity': '100.00%', 'speakers ': '5,176,569', 'is_official ': 'TRUE', 'official': 'Langue officielle comprise par toute la population.'}, {'alpha-2_code': 'IS', 'country_name_fr': 'Islande', 'popularity': '83.00%', 'speakers ': '260,620', 'is_official ': 'FALSE', 'official': ''}, {'alpha-2_code': 'NL', 'country_name_fr': 'Pays-Bas', 'popularity': '90.00%', 'speakers ': '15,561,000', 'is_official ': 'FALSE', 'official': ''}, {'alpha-2_code': 'PL', 'country_name_fr': 'Pologne', 'popularity': '20.00%', 'speakers ': '7,600,000', 'is_official ': 'FALSE', 'official': ''}, {'alpha-2_code': 'ZA', 'country_name_fr': 'Afrique du Sud', 'popularity': '100.00%', 'speakers ': '58,775,022', 'is_official ': 'TRUE', 'official': 'Langue officielle'}, {'alpha-2_code': 'UG', 'country_name_fr': 'Ouganda', 'popularity': '85.00%', 'speakers ': '', 'is_official ': 'TRUE', 'official': 'Langue officielle'}, {'alpha-2_code': 'AO', 'country_name_fr': 'Angola', 'popularity': '60.00%', 'speakers ': '', 'is_official ': 'FALSE', 'official': 'Compris par une majorité'}, {'alpha-2_code': 'AU', 'country_name_fr': 'Australie', 'popularity': '100.00%', 'speakers ': '25,000,000', 'is_official ': 'FALSE', 'official': ''}, {'alpha-2_code': 'BD', 'country_name_fr': 'Bangladesh', 'popularity': '80.00%', 'speakers ': '', 'is_official ': 'FALSE', 'official': 'Largement parlé et compris'}, {'alpha-2_code': 'CA', 'country_name_fr': 'Canada', 'popularity': '100.00%', 'speakers ': '16,000,000', 'is_official ': 'TRUE', 'official': 'Langue officielle'}, {'alpha-2_code': 'NZ', 'country_name_fr': 'Nouvelle-Zélande', 'popularity': '100.00%', 'speakers ': '', 'is_official ': 'FALSE', 'official': ''}, {'alpha-2_code': 'CR', 'country_name_fr': 'Costa Rica', 'popularity': '15.00%', 'speakers ': '', 'is_official ': 'FALSE', 'official': 'En constante augmentation'}, {'alpha-2_code': 'GI', 'country_name_fr': 'Gibraltar', 'popularity': '100.00%', 'speakers ': '', 'is_official ': 'FALSE', 'official': ''}, {'alpha-2_code': 'LU', 'country_name_fr': 'Luxembourg', 'popularity': '72.00%', 'speakers ': '432,000', 'is_official ': 'FALSE', 'official': ''}, {'alpha-2_code': 'TW', 'country_name_fr': 'Taïwan', 'popularity': '75.00%', 'speakers ': '', 'is_official ': 'FALSE', 'official': 'Très répandu'}, {'alpha-2_code': 'SZ', 'country_name_fr': 'Swaziland', 'popularity': '100.00%', 'speakers ': '', 'is_official ': 'TRUE', 'official': 'Langue officielle.'}, {'alpha-2_code': 'BW', 'country_name_fr': 'Botswana', 'popularity': '100.00%', 'speakers ': '', 'is_official ': 'TRUE', 'official': 'Langue officielle'}, {'alpha-2_code': 'LK', 'country_name_fr': 'Sri Lanka', 'popularity': '25%', 'speakers ': '4 019 583', 'is_official ': 'FALSE', 'official': ''}, {'alpha-2_code': 'SD', 'country_name_fr': 'Soudan', 'popularity': '', 'speakers ': '', 'is_official ': 'FALSE', 'official': ''}]"
tur,tr,tr,tur,Turc,Türk,Turkish,TRUE,tur,Turc,"Le turc appartient à la famille altaïque, groupe turc, et est parlé par près de 60 millions de personnes, dans tous les pays. C'est également une langue d'immigration importante en Allemagne. À des degrés divers, le turc est intelligible avec d'autres langues majeures d'Asie centrale, comme le turkmène, l'ouzbek, le kirghize, le kazakh et en particulier l'azéri, car toutes appartiennent à la famille «turque». Le turc est le membre le plus important du groupe des langues turques. Il a été écrit à l'origine dans l'écriture arabe qui était en usage depuis la conversion des Turcs à l'Islam. En 1928, le président Mustafa Kemal Ataturk décréta l'introduction d'une version légèrement modifiée de l'alphabet romain. Les mots anglais «caviar», «yogurt» et «shish kebab» sont d'origine turque. Le mot «tulipe» vient d'un mot turc pour «turban», car on pensait que sa fleur ressemblait à un turban.","[{'alpha-2_code': 'BG', 'country_name_fr': 'Bulgarie', 'popularity': '10%', 'speakers ': '750,000', 'is_official ': 'FALSE', 'official': ''}, {'alpha-2_code': 'DE', 'country_name_fr': 'Allemagne', 'popularity': '5.00%', 'speakers ': '4,000,000', 'is_official ': 'FALSE', 'official': ''}, {'alpha-2_code': 'TR', 'country_name_fr': 'Turquie', 'popularity': '100.00%', 'speakers ': '', 'is_official ': 'TRUE', 'official': 'Langue officielle'}]"
rus,ru,ru,rus,Russe,Русский,Russian,TRUE,rus,Slave,"Le russe est la langue maternelle de près de 165 millions de locuteurs, ce qui la place après le chinois, l’anglais et l’hindi, à peu près au niveau de l’espagnol.
Le russe s’écrit avec l’alphabet cyrillique. Sa grammaire comporte six déclinaisons (soit deux de plus que l’allemand). A noter que les verbes existent en double (notion d’aspect perfectif et imperfectif), selon que l’action est marquée dans le temps avec un début et une fin, ou qu’elle dure dans le temps).","[{'alpha-2_code': 'AM', 'country_name_fr': 'Arménie', 'popularity': '', 'speakers ': '', 'is_official ': 'FALSE', 'official': 'Petite minorité'}, {'alpha-2_code': 'CZ', 'country_name_fr': 'Tchéquie', 'popularity': '13.00%', 'speakers ': '1,430,000', 'is_official ': 'FALSE', 'official': ''}, {'alpha-2_code': 'DE', 'country_name_fr': 'Allemagne', 'popularity': '9.00%', 'speakers ': '7,200,000', 'is_official ': 'FALSE', 'official': ''}, {'alpha-2_code': 'EE', 'country_name_fr': 'Estonie', 'popularity': '73.00%', 'speakers ': '876,000', 'is_official ': 'FALSE', 'official': ''}, {'alpha-2_code': 'LT', 'country_name_fr': 'Lituanie', 'popularity': '7.00%', 'speakers ': '191,202', 'is_official ': 'FALSE', 'official': ''}, {'alpha-2_code': 'LV', 'country_name_fr': 'Lettonie', 'popularity': '37.00%', 'speakers ': '713,582', 'is_official ': 'FALSE', 'official': ''}, {'alpha-2_code': 'PL', 'country_name_fr': 'Pologne', 'popularity': '14.00%', 'speakers ': '5,600,000', 'is_official ': 'FALSE', 'official': ''}, {'alpha-2_code': 'RU', 'country_name_fr': 'Russie', 'popularity': '100.00%', 'speakers ': '', 'is_official ': 'TRUE', 'official': 'Langue officielle'}, {'alpha-2_code': 'TM', 'country_name_fr': 'Turkménistan', 'popularity': '12.00%', 'speakers ': '349,000', 'is_official ': 'FALSE', 'official': 'Le russe est largement compris.'}, {'alpha-2_code': 'KG', 'country_name_fr': 'Kirghizistan', 'popularity': '40.00%', 'speakers ': '2,400,000', 'is_official ': 'TRUE', 'official': 'Langue officielle avec le kirghize'}, {'alpha-2_code': 'BY', 'country_name_fr': 'Bélarus', 'popularity': '70.00%', 'speakers ': '6,600,000', 'is_official ': 'FALSE', 'official': 'Compris par la totalité de la population.'}, {'alpha-2_code': 'MD', 'country_name_fr': 'Moldavie', 'popularity': '11.00%', 'speakers ': '380 796', 'is_official ': 'FALSE', 'official': 'Compris par une grande majorité'}, {'alpha-2_code': 'TJ', 'country_name_fr': 'Tadjikistan', 'popularity': '12.00%', 'speakers ': '', 'is_official ': 'FALSE', 'official': 'Compris et parlé par une majorité de la population.'}, {'alpha-2_code': 'UA', 'country_name_fr': 'Ukraine', 'popularity': '30.00%', 'speakers ': '', 'is_official ': 'FALSE', 'official': 'Compris et parlé par la grande majorité de la population'}, {'alpha-2_code': 'AZ', 'country_name_fr': 'Azerbaïdjan', 'popularity': '75.00%', 'speakers ': '', 'is_official ': 'FALSE', 'official': 'La plupart des citoyens azerbaïdjanais parlent le russe.'}]"
ukr,uk,uk,ukr,Ukrainien,Українська,Ukrainian,TRUE,ukr,Slave,"L'ukrainien (en ukrainien : українська мова, oukrayins'ka mova) est une des quatre langues appartenant à la famille orientale des groupes slaves — de la famille des langues indo-européennes, les trois autres étant le biélorusse, le russe et le rusyn (ruthène). L'ukrainien est la langue officielle de l'Ukraine.","[{'alpha-2_code': 'UA', 'country_name_fr': 'Ukraine', 'popularity': '68.00%', 'speakers ': '', 'is_official ': 'TRUE', 'official': 'Langue officielle'}, {'alpha-2_code': 'MD', 'country_name_fr': 'Moldavie', 'popularity': '6.00%', 'speakers ': '186 394', 'is_official ': 'FALSE', 'official': ''}]"
rom,ro,ro,rom,Roumain,Română,Romanian,TRUE,rom,Langues latines,"Seule langue latine à avoir encore aujourd’hui conservé les déclinaisons, le roumain est très proche du latin.
L’origine du roumain remonte à l’époque de Trajan et de la conquête du territoire des Daces en 106 de notre ère. 
Le latin parlé à l’époque garde les traces de l’origine des légionnaires (principalement venus du sud de l’Italie, de Sicile et de Sardaigne). Cependant, les invasions successives (comme celle des Huns en 375) ont permis un brassage des citadins romanisés avec le reste de la population. L’une des influences les plus fortes est celle du slave quand autour du XIIè siècle, les états s’organisent sur le modèle bulgaro-byzantin.
L’influence du monde turc est aussi notable, de même que celle du hongrois (suzeraineté magyare sur la Transylvanie jusqu’en 1919). Ce cette hégémonie hongroise vient aussi l’origine de l’implantation de populations de langue allemande en Transylvanie (région de Sibiu). Il est à noter que le français est parlé par de larges couches de la population. Au XIXè siècle, le français servait de langue véhiculaire dans l’armée.
Aujourd’hui, le roumain est langue officielle de la Roumanie (23 millions d’habitants) et de la Moldavie (5 millions).","[{'alpha-2_code': 'RO', 'country_name_fr': 'Roumanie', 'popularity': '90.00%', 'speakers ': '23 000 000', 'is_official ': 'TRUE', 'official': 'Langue officielle'}, {'alpha-2_code': 'MD', 'country_name_fr': 'Moldavie', 'popularity': '77.00%', 'speakers ': '2 588 355', 'is_official ': 'TRUE', 'official': 'Langue officielle.'}]"
hun,hu,hu,hun,Hongrois,Magyar,Hungarian,TRUE,hun,Ougrien,"Le hongrois ou la langue hongroise (hongrois : magyar nyelv /ˈmɒɟɒr ˈɲɛlv/) est une langue de la branche finno-ougrienne des langues ouraliennes.
Par sa morphologie, le hongrois est typologiquement une langue agglutinante.
Les locuteurs du hongrois sont appelés des magyarophones ou hungarophones.
Le hongrois est parlé principalement en Hongrie, mais on trouve aussi des locuteurs en Voïvodine (province serbe)","[{'alpha-2_code': 'HU', 'country_name_fr': 'Hongrie', 'popularity': '100.00%', 'speakers ': '9,780,000', 'is_official ': 'TRUE', 'official': 'Langue officielle'}]"
tig,ti,ti,tig,Tigrinya,Tigrinya,Tigrinya,TRUE,tig,Sémitique,,"[{'alpha-2_code': 'ER', 'country_name_fr': 'Érythrée', 'popularity': '80.00%', 'speakers ': '', 'is_official ': 'TRUE', 'official': 'Langue officielle'}, {'alpha-2_code': 'ET', 'country_name_fr': 'Éthiopie', 'popularity': '', 'speakers ': '', 'is_official ': 'FALSE', 'official': ''}]"
alb,sq,sq,alb,Albanais,Shqiptare,Albanian,TRUE,alb,Albanais,"L’albanais est une langue d’origine indo-européenne, rattachée au groupe thraco-illyrien. Certains auteurs ont soutenu que l'albanais permettrait de déchiffrer la langue étrusque. L'albanais est langue officielle en Albanie, au Kosovo et en Macédoine du Nord. En Italie, la langue et la culture albanaises sont protégées (statut de minorité linguistique).
Il est parlé par presque 5,9 millions de personnes1 et comprend les variétés de l'arbërech, de l'arvanitika, du guègue et du tosque.
De nombreux albanophones vivent par ailleurs en dehors de ses frontières : dans les Balkans, l'albanais compte 7 millions de locuteurs ; des minorités albanaises autochtones existant dans les pays voisins ; d'autres communautés issues d'une émigration récente existent en Europe occidentale et aux États-Unis.
Des populations albanophones ont historiquement été présentes en Albanie, au Kosovo, en Macédoine du Nord (régions de l'Ouest), au Monténégro (Ulcinj), dans le Sud de la Serbie centrale (vallée de Preševo, Medveđa) et en Grèce (Chameria).

","[{'alpha-2_code': 'AL', 'country_name_fr': 'Albanie', 'popularity': '100.00%', 'speakers ': '5,877,100', 'is_official ': 'TRUE', 'official': 'Langue officielle'}, {'alpha-2_code': 'RS', 'country_name_fr': 'Serbie', 'popularity': '', 'speakers ': '', 'is_official ': 'FALSE', 'official': ''}, {'alpha-2_code': 'XK', 'country_name_fr': 'Kosovo', 'popularity': '', 'speakers ': '', 'is_official ': 'FALSE', 'official': ''}, {'alpha-2_code': 'ME', 'country_name_fr': 'Montenegro', 'popularity': '5.00%', 'speakers ': '', 'is_official ': 'FALSE', 'official': ''}]"
geo,ka,ka,geo,Géorgien,Ქართული,Georgian,TRUE,geo,Kartvélien,"Total des orateurs
4 103 000

Utilisation par pays
Langue officielle: Géorgie 
Domicile Intervenants: Arménie, Azerbaïdjan, Kazakhstan, Kirghizistan, Russie, Tadjikistan, Turkménistan, Ouzbékistan également dans les régions limitrophes du Caucase occidental, Turquie et Iran

Contexte
Sur la quarantaine de langues maternelles parlées dans la région caucusienne, qui, compte tenu de sa taille territoriale, peut se vanter de plus de peuples, de langues et de cultures que presque toutes les autres régions du monde, le géorgien est la plus parlée. 
Langue natale de Géorgie, située en Transcaucasie au sud-est de la mer Noire, le géorgien est parlé par environ 32 millions de personnes. Le géorgien appartient à la famille caucasienne, mais comme ces langues ont été regroupées davantage sur la base de la géographie que de la linguistique, il est douteux que l'une des autres langues caucasiennes y soit réellement liée. En plus d'être la plus parlée de ces langues, c'est la seule avec une ancienne tradition littéraire. 
L'origine de l'alphabet géorgien est obscure, mais on sait qu'il a été inventé au 5ème siècle après JC Il est écrit de gauche à droite. Le script actuel, appelé ""Mkhedruli"" (écriture profane), a remplacé le ""Khutsuri"" original (écriture d'église) au 11ème siècle. 
Les Géorgiens s'appellent ""Kartvelebi"" et leur terre ""Sakartvelo"". La langue contient de formidables groupes de consonnes, comme on peut le voir dans les noms de villes géorgiennes telles que Tbilissi, Mtskheta, Tkvarcheli et Tskhinvali.","[{'alpha-2_code': 'GE', 'country_name_fr': 'Géorgie', 'popularity': '100.00%', 'speakers ': '', 'is_official ': 'TRUE', 'official': 'Langue officielle'}]"
arm,hy,hy,arm,Arménien,Հայերեն,Armenian,TRUE,arm,Arménien,"L'arménien est une langue qui constitue à elle seule une branche de la famille des langues indo-européennes, étant seule de cette famille à être plus agglutinante que flexionnelle. L'arménien classique (ou Grabar : en arménien Գրաբար, littéralement « langue écrite ») est attesté à partir du ve siècle et véhicule une riche littérature théologique, historique, poétique, mystique et épique. Aujourd'hui coexistent l'arménien oriental, langue officielle de la république d'Arménie, parlée par les habitants de l'Arménie et par les communautés arméniennes d'Iran et de Russie, et l'arménien occidental, parlé par la diaspora arménienne. 2 960 000 personnes le parlent en Arménie en 2013, pour un total de 3 843 000 dans le monde.

L'arménien présente des ressemblances nombreuses avec le grec ancien (parallèles étymologiques, utilisation de l'augment, traitement particulier des laryngales de l'indo-européen, etc.), comme l'a souligné le linguiste français Antoine Meillet. D'autre part, les consonnes du proto-arménien ont connu la première mutation consonantique (loi de Grimm), ce qui le rapproche plus des langues germaniques pour sa physionomie phonologique.
L'arménien s'écrit au moyen d'un alphabet spécifique créé au ve siècle.

L'arménien est la langue maternelle (et officielle) de l'Arménie, un pays enclavé de Transcaucasie à la frontière de la Turquie et de l'Iran, et constitue une branche distincte et indépendante de la famille des langues indo-européennes. Au cours de nombreux siècles de domination perse, un nombre considérable de mots iraniens sont entrés dans la langue, ce qui a amené de nombreux linguistes à croire qu'il s'agissait d'un dialecte du persan. L'arménien moderne, établi comme langue indépendante au plus tôt en 1875, a deux variétés principales: l'arménien oriental (Ashkharik, la langue officielle), basé sur le dialecte de la région d'Ararat, et l'arménien occidental (parlé par la minorité turque) basé sur le Istanbul / dialecte turc. Cette distinction a des raisons historiques. L'arménien ""écrit"" et ""parlé"" ne s'est pas développé au même rythme, car la plupart de la population était encore analphabète à la fin de la Première Guerre mondiale. Les différences entre les deux variétés incluent, outre une prononciation différente pour certains mots, une conjugaison des verbes différente. et les temps. En ce qui concerne l'écriture, l'alphabet arménien a été inventé en 405 après JC par deux moines arméniens Mesrob et Sahag. Ainsi, les premiers textes en arménien disponibles sous forme écrite étaient principalement des textes religieux (d'abord la Bible), traduits par des moines et des prêtres. Les Arméniens appellent leur pays «Hayastan» et leur langue «Hayaren».","[{'alpha-2_code': 'AM', 'country_name_fr': 'Arménie', 'popularity': '90.00%', 'speakers ': '3,000,000', 'is_official ': 'TRUE', 'official': 'Langue officielle'}]"
dri,fa,fa,dri,Dari,دری,Persian (Dari),TRUE,--,Iranien,"Le dari (en dari : دری), aussi appelé persan afghan ou farsi oriental, est une variété du persan parlée principalement en Afghanistan.

Le dari était la langue officielle des cours ghaznévides, samanides et timourides de Samarcande et d'Hérat, ainsi que des Grands Moghols de l'Inde.

Les différences phonologique et lexicales entre les variétés iraniennes et afghanes sont peu importantes et l'intercompréhension est bonne. La plupart des dialectes afghans seraient plus proches du persan littéraire que les dialectes iraniens. Il existe une similarité lexicale de 86 % à 90 % entre les différents dialectes dari.

C'est la principale langue d'Afghanistan et partage le statut de langue officielle du pays avec le pachto. Elle est la langue principale pour environ les trois-quarts de la population, soit 24 millions de personnes issues principalement de peuples iraniens, et est essentiellement parlée dans le nord et l'ouest du pays, ainsi qu'à Kaboul. Elle est pratiquée par : les Hazaras (qui parlent plutôt un dialecte issu du dari, le hazaragi), les Tadjiks, les Aïmaks, certains Pachtounes citadins (notamment dans le nord du pays ou dans la région de Kaboul), ainsi que par les peuples turcophones comme les Ouzbeks ou les Turkmènes.

La langue écrite standard est la même qu'en Iran[réf. souhaitée].
Le dari s'écrit avec l'alphabet perso-arabe avec le style d'écriture naskh dans l'impression et nastaliq pour l'écriture manuscrite et les titres d'ouvrages. L'alphabet dari possède vingt-trois consonnes, sept voyelles et deux diphthongues.
Le persan d'Afghanistan est dans sa prononciation plus proche du persan médiéval[réf. souhaitée] que le persan d'Iran. L'accent tonique y est moins prononcé[réf. nécessaire]. Par exemple, Ferdowsî est généralement lu avec des intonations similaires au dari[réf. nécessaire].
La syntaxe du dari ne diffère pas beaucoup de celle du persan parlé en Iran. Pour marquer l'attribution, le dari utilise le suffixe -ra. Les voyelles du dari diffèrent de celles du persan et il possède aussi des consonnes supplémentaires.

La langue littéraire écrite en soit possède le même vocabulaire que le Persan standard d'Iran, en revanche le lexique du Persan Dari parlée de manière quotidienne à l'oral possède plusieurs emprunts à côté de ceux déjà partagés avec la variété d'Iran, il y a donc des emprunts du mongol, des langues turques, du russe, du pachto et d'autres langues parlées en Afghanistan.","[{'alpha-2_code': 'AF', 'country_name_fr': 'Afghanistan', 'popularity': '77.00%', 'speakers ': '5,000,000', 'is_official ': 'TRUE', 'official': 'Langue officielle'}]"
psh,ps,ps,psh,Pachto,پښتو,"Pashto, Pushto",TRUE,pus,Iranien,,"[{'alpha-2_code': 'AF', 'country_name_fr': 'Afghanistan', 'popularity': '48.00%', 'speakers ': '11,000,000', 'is_official ': 'TRUE', 'official': 'Langue officielle'}, {'alpha-2_code': 'PK', 'country_name_fr': 'Pakistan', 'popularity': '', 'speakers ': '', 'is_official ': 'FALSE', 'official': ''}]"
prs,fa,fa,prs,Farsi,فارسی,Persian (Farsi),TRUE,fas,Iranien,,"[{'alpha-2_code': 'IR', 'country_name_fr': 'Iran', 'popularity': '100.00%', 'speakers ': '50,000,000', 'is_official ': 'TRUE', 'official': 'Langue officielle'}]"
aze,az,az,aze,Azéri,Azəri,Azerbaijani,TRUE,aze,Turc,"L'azéri, parfois appelé azerbaïdjanais (Azərbaycan dili ou azəri dili en azéri), ou turc azéri, est une langue appartenant au groupe des langues turques, parfois incluse dans la super-famille (aujourd'hui grandement reniée par la communauté scientifique) des langues altaïques. Il est parlé dans le Caucase et le Moyen-Orient, principalement en Azerbaïdjan et en Iran. Le nombre total de locuteurs est évalué entre 25 et 35 millions dont un peu plus de 9 millions en Azerbaïdjan et entre 10 et 13 millions en Iran (d'après le CIA World Factbook principalement)","[{'alpha-2_code': 'AM', 'country_name_fr': 'Arménie', 'popularity': '', 'speakers ': '', 'is_official ': 'FALSE', 'official': 'Petite minorité'}, {'alpha-2_code': 'AZ', 'country_name_fr': 'Azerbaïdjan', 'popularity': '100.00%', 'speakers ': '6,800,000', 'is_official ': 'TRUE', 'official': 'Langue officielle, variété orientale du turc.\nAppelé aussi azéri.'}, {'alpha-2_code': 'IR', 'country_name_fr': 'Iran', 'popularity': '8.00%', 'speakers ': '4,000,000', 'is_official ': 'FALSE', 'official': 'Dans la région de Tabriz'}]"
spa,es,es,spa,Espagnol,Español,Spanish,TRUE,spa,Langues latines,"L'espagnol est une langue internationale majeure, qui possède un statut officiel dans 20 pays (21 si on compte Porto-Rico). Le nombre de locuteurs diffère selon les sources, et varie entre environ 200 millions et 500 millions de personnes.","[{'alpha-2_code': 'EH', 'country_name_fr': 'Sahara Occidental', 'popularity': '', 'speakers ': '', 'is_official ': 'TRUE', 'official': ''}, {'alpha-2_code': 'ES', 'country_name_fr': 'Espagne', 'popularity': '100.00%', 'speakers ': '47,737,941', 'is_official ': 'TRUE', 'official': ""L'espagnol (castillan) est la langue nationale.""}, {'alpha-2_code': 'AR', 'country_name_fr': 'Argentine', 'popularity': '100.00%', 'speakers ': '43,024,374', 'is_official ': 'TRUE', 'official': 'Langue officielle'}, {'alpha-2_code': 'BO', 'country_name_fr': 'Bolivie', 'popularity': '40.00%', 'speakers ': '10,631,486', 'is_official ': 'TRUE', 'official': 'Langue officielle'}, {'alpha-2_code': 'CR', 'country_name_fr': 'Costa Rica', 'popularity': '90.00%', 'speakers ': '4,755,234', 'is_official ': 'TRUE', 'official': 'Langue officielle'}, {'alpha-2_code': 'GT', 'country_name_fr': 'Guatemala', 'popularity': '100.00%', 'speakers ': '14,647,083', 'is_official ': 'TRUE', 'official': 'Langue officielle'}, {'alpha-2_code': 'PR', 'country_name_fr': 'Porto Rico', 'popularity': '100.00%', 'speakers ': '3,620,897.00', 'is_official ': 'TRUE', 'official': 'Langue officielle'}, {'alpha-2_code': 'UY', 'country_name_fr': 'Uruguay', 'popularity': '100.00%', 'speakers ': '3,332,972.00', 'is_official ': 'TRUE', 'official': 'Langue officielle'}, {'alpha-2_code': 'MX', 'country_name_fr': 'Mexique', 'popularity': '100.00%', 'speakers ': '120,286,655.00', 'is_official ': 'TRUE', 'official': 'Langue officielle'}, {'alpha-2_code': 'CU', 'country_name_fr': 'Cuba', 'popularity': '100.00%', 'speakers ': '11,047,251.00', 'is_official ': 'TRUE', 'official': 'Langue officielle'}, {'alpha-2_code': 'PA', 'country_name_fr': 'Panama', 'popularity': '100.00%', 'speakers ': '3,608,431.00', 'is_official ': 'TRUE', 'official': 'Langue officielle'}, {'alpha-2_code': 'PY', 'country_name_fr': 'Paraguay', 'popularity': '100.00%', 'speakers ': '6,703,860.00', 'is_official ': 'TRUE', 'official': 'Langue officielle'}, {'alpha-2_code': 'SV', 'country_name_fr': 'El Salvador', 'popularity': '100.00%', 'speakers ': '6,125,512.00', 'is_official ': 'TRUE', 'official': 'Langue officielle'}, {'alpha-2_code': 'CL', 'country_name_fr': 'Chili', 'popularity': '100.00%', 'speakers ': '17,363,894.00', 'is_official ': 'TRUE', 'official': 'Langue officielle'}, {'alpha-2_code': 'EC', 'country_name_fr': 'Équateur', 'popularity': '100.00%', 'speakers ': '15,654,411.00', 'is_official ': 'TRUE', 'official': 'Langue officielle'}, {'alpha-2_code': 'PE', 'country_name_fr': 'Pérou', 'popularity': '100.00%', 'speakers ': '30,147,935.00', 'is_official ': 'TRUE', 'official': 'Langue officielle'}, {'alpha-2_code': 'DO', 'country_name_fr': 'République Dominicaine', 'popularity': '100.00%', 'speakers ': '10,349,741.00', 'is_official ': 'TRUE', 'official': 'Langue officielle'}, {'alpha-2_code': 'CO', 'country_name_fr': 'Colombie', 'popularity': '100.00%', 'speakers ': '48,400,388.00', 'is_official ': 'TRUE', 'official': 'Langue officielle'}, {'alpha-2_code': 'VE', 'country_name_fr': 'Venezuela', 'popularity': '100.00%', 'speakers ': '28,868,486.00', 'is_official ': 'TRUE', 'official': 'Langue officielle'}, {'alpha-2_code': 'HN', 'country_name_fr': 'Honduras', 'popularity': '100.00%', 'speakers ': '8,598,561.00', 'is_official ': 'TRUE', 'official': 'Langue officielle'}, {'alpha-2_code': 'GQ', 'country_name_fr': 'Guinée Équatoriale', 'popularity': '87.70%', 'speakers ': '1,722,254.00', 'is_official ': 'TRUE', 'official': 'Langue officielle'}, {'alpha-2_code': 'NI', 'country_name_fr': 'Nicaragua', 'popularity': '100.00%', 'speakers ': '5,848,641.00', 'is_official ': 'TRUE', 'official': 'Langue officielle'}, {'alpha-2_code': 'AD', 'country_name_fr': 'Andorre', 'popularity': '60.00%', 'speakers ': '50,000.00', 'is_official ': 'TRUE', 'official': 'Significant majority language'}, {'alpha-2_code': 'GI', 'country_name_fr': 'Gibraltar', 'popularity': '82.00%', 'speakers ': '23,857.00', 'is_official ': 'TRUE', 'official': 'Significant majority language'}, {'alpha-2_code': 'BZ', 'country_name_fr': 'Belize', 'popularity': '50.00%', 'speakers ': '165,296.00', 'is_official ': 'TRUE', 'official': 'Significant majority language'}, {'alpha-2_code': 'US', 'country_name_fr': 'États-Unis', 'popularity': '20.00%', 'speakers ': '59,763,631.00', 'is_official ': 'TRUE', 'official': 'Significant minority language'}, {'alpha-2_code': 'MA', 'country_name_fr': 'Maroc', 'popularity': '21.90%', 'speakers ': '', 'is_official ': 'TRUE', 'official': 'Langue historique'}, {'alpha-2_code': 'PH', 'country_name_fr': 'Philippines', 'popularity': '0.50%', 'speakers ': '', 'is_official ': 'TRUE', 'official': 'Langue historique'}]"
amh,am,am,amh,Amharique,አማርኛ,Amharic,TRUE,amh,Sémitique,"L’amharique /amaʁik/  (en amharique : አማርኛ /amarɨɲːa/ ) est une langue chamito-sémitique de la famille des langues sémitiques, une famille au sein de laquelle elle occupe, en termes de locuteurs, la deuxième place après l'arabe. En raison de la politique linguistique avant la chute du Derg, la langue est parlée en Éthiopie par une majorité de la population, soit comme langue maternelle — majoritairement par les Amharas —, soit comme langue seconde ou véhiculaire.
Depuis l'entrée en vigueur de la Constitution de 1994, l'amharique a perdu son statut de langue officielle unique, l'article 5-1 affirmant la reconnaissance par l'État du même statut pour toutes les langues éthiopiennes ; toutefois, l'article 5-2 accorde à l'amharique le statut de langue de travail du gouvernement fédéral.
En dehors de l'Éthiopie, l'amharique est parlé par environ 2,7 millions de personnes vivant en Égypte, en Israël, à Djibouti, au Yémen, au Soudan, aux États-Unis, ainsi qu'en Érythrée par une partie de la population ayant connu la période antérieure à l'indépendance en 1993.
L'amharique s'écrit à l'aide de l'alphasyllabaire éthiopien.","[{'alpha-2_code': 'ET', 'country_name_fr': 'Éthiopie', 'popularity': '100.00%', 'speakers ': '', 'is_official ': 'FALSE', 'official': ''}]"
ger,de,de,ger,Allemand,Deutsch,German,TRUE,ger,Germanique,"La langue allemande compte parmi les plus importantes du monde. Elle se situe au 10è rang des langues les plus parlées dans le monde, sensiblement au niveau du français, et elle a une grande présence dans les domaines littéraire, philosophique et scientifique. 
Son histoire, en tant que langue distincte des autres langues germaniques occidentales, débute au haut Moyen Âge, lors de la seconde mutation consonantique.
Au XXIe siècle, ses locuteurs, appelés « germanophones », se répartissent principalement en Europe. Avec près de 100 millions de locuteurs, elle est la langue la plus parlée au sein de l'Union européenne (UE).
Depuis 1941, l’allemand a abandonné l’écriture gothique et s’écrit avec l’alphabet latin. L’orthographe exige que tous les noms communs s’écrivent avec une majuscule à l’initiale. La grammaire comporte quatre déclinaisons: nominatif, accusatif, génitif, datif.
Le rayonnement de l’allemand est important en Europe centrale (Hongrie, Pologne, etc.)","[{'alpha-2_code': 'AT', 'country_name_fr': 'Autriche', 'popularity': '100.00%', 'speakers ': '8,000,000', 'is_official ': 'TRUE', 'official': 'Langue officielle'}, {'alpha-2_code': 'BE', 'country_name_fr': 'Belgique', 'popularity': '10.00%', 'speakers ': '1,200,000', 'is_official ': 'TRUE', 'official': ''}, {'alpha-2_code': 'CH', 'country_name_fr': 'Suisse', 'popularity': '62.00%', 'speakers ': '', 'is_official ': 'TRUE', 'official': 'Langue officielle.'}, {'alpha-2_code': 'CZ', 'country_name_fr': 'Tchéquie', 'popularity': '15.00%', 'speakers ': '1,650,000', 'is_official ': 'FALSE', 'official': ''}, {'alpha-2_code': 'DE', 'country_name_fr': 'Allemagne', 'popularity': '100.00%', 'speakers ': '80,000,000', 'is_official ': 'TRUE', 'official': 'Langue officielle'}, {'alpha-2_code': 'DK', 'country_name_fr': 'Danemark', 'popularity': '47.00%', 'speakers ': '2,820,000', 'is_official ': 'FALSE', 'official': ''}, {'alpha-2_code': 'FI', 'country_name_fr': 'Finlande', 'popularity': '18.00%', 'speakers ': '1,080,000', 'is_official ': 'FALSE', 'official': ''}, {'alpha-2_code': 'NL', 'country_name_fr': 'Pays-Bas', 'popularity': '71.00%', 'speakers ': '12,275,900', 'is_official ': 'FALSE', 'official': ''}, {'alpha-2_code': 'PL', 'country_name_fr': 'Pologne', 'popularity': '13.00%', 'speakers ': '5,200,000', 'is_official ': 'FALSE', 'official': ''}, {'alpha-2_code': 'LU', 'country_name_fr': 'Luxembourg', 'popularity': '81.00%', 'speakers ': '486,000', 'is_official ': 'TRUE', 'official': 'Langue officielle'}, {'alpha-2_code': 'SI', 'country_name_fr': 'Slovénie', 'popularity': '1.00%', 'speakers ': '20,000', 'is_official ': 'FALSE', 'official': 'Minorité autrichienne.'}]"
pol,pl,pl,pol,Polonais,Polski,Polish,TRUE,pol,Slave,"Langue officielle de la Pologne, le Polonais est parlé par les 38 millions d’habitants de ce pays, ainsi que par les émigrés qui constituent des colonies importantes, notamment aux États-Unis et en Allemagne. En revanche, les nombreux Polonais installés en France depuis 1830, ont presque tous abandonné leur langue. Le Polonais est particulièrement proche, parmi les langues slaves, du biélorusse et du slovaque.
Le polonais est la seconde langue slave la plus parlée au monde après le russe.","[{'alpha-2_code': 'DE', 'country_name_fr': 'Allemagne', 'popularity': '4.00%', 'speakers ': '3,200,000', 'is_official ': 'FALSE', 'official': ''}, {'alpha-2_code': 'PL', 'country_name_fr': 'Pologne', 'popularity': '95.00%', 'speakers ': '38,000,000', 'is_official ': 'TRUE', 'official': 'langue officielle.'}]"
som,so,so,som,Somali,Soomaali,Somali,TRUE,som,Sémitique,,
rnd,rn,rn,rnd,Kirundi,Kirundi,Kirundi,TRUE,,Bantou,"Le kirundi (ou roundi ou rundi) est une langue bantoue parlée nativement au Burundi par 97 % de la population (11 045 000 personnes), dans les zones adjacentes du Rwanda (576 000), de la Tanzanie (512 000) et de la république démocratique du Congo, ainsi qu'en Ouganda (246 000), ce qui totalise 12,5 millions de locuteurs.
Cette langue est très proche du kinyarwanda, la langue principale du Rwanda, et du giha, parlé dans l'ouest de la Tanzanie.",
kin,rw,rw,kin,Kinyarwanda,Kinyarwanda,Kinyarwanda,TRUE,kin,Bantou,"Kinyarwanda, Rwandan or Rwanda, officially known as Ikinyarwanda, is an official language of Rwanda and a dialect of the Rwanda-Rundi language spoken in Rwanda, the eastern Democratic Republic of the Congo and adjacent parts of southern Uganda.","[{'alpha-2_code': 'RW', 'country_name_fr': 'Rwanda', 'popularity': '100.00%', 'speakers ': '9000000', 'is_official ': 'TRUE', 'official': 'Langue officielle'}]"
por,pt,pt,por,Portuguais,Português,Portuguese,TRUE,por,Langues latines,"Le portugais est la huitième langue la plus parlée au monde, avec plus de 160 millions de locuteurs, dont 140 au Brésil et 10 au Portugal. 
Outre le Portugal et le Brésil, le portugais est langue nationale de cinq états issus de l’empire colonial du Portugal : l’Angola, le Mozambique, la Guinée-Bissau, les îles du Cap-Vert et la république de Sao-Tomé et Principe.
On trouve encore quelques lusophones à Timor, maintenant rattachée à l’Indonésie, et à Macao, qui a en Chine une position semblable à son voisin Hong-Kong. Il subsiste également une poche de lusophones à Goa (Inde).","[{'alpha-2_code': 'PT', 'country_name_fr': 'Portugal', 'popularity': '100.00%', 'speakers ': '10,000,000', 'is_official ': 'TRUE', 'official': 'Langue officielle'}, {'alpha-2_code': 'AO', 'country_name_fr': 'Angola', 'popularity': '80.00%', 'speakers ': '15,000,000', 'is_official ': 'TRUE', 'official': 'Langue officielle. 80% en zone urbaine'}, {'alpha-2_code': 'GW', 'country_name_fr': 'Guinée-Bissau', 'popularity': '80.00%', 'speakers ': '1,533,964', 'is_official ': 'TRUE', 'official': 'Langue officielle'}, {'alpha-2_code': 'GQ', 'country_name_fr': 'Guinée Équatoriale', 'popularity': '1.00%', 'speakers ': '', 'is_official ': 'TRUE', 'official': 'Langue officielle depuis 2011'}, {'alpha-2_code': 'CV', 'country_name_fr': 'Cap-vert', 'popularity': '63.44%', 'speakers ': '370,000', 'is_official ': 'TRUE', 'official': 'Langue officielle'}, {'alpha-2_code': 'ST', 'country_name_fr': 'Sao Tomé-et-Principe', 'popularity': '87.32%', 'speakers ': '172,900', 'is_official ': 'TRUE', 'official': 'Langue officielle'}, {'alpha-2_code': 'MZ', 'country_name_fr': 'Mozambique', 'popularity': '70.00%', 'speakers ': '20,000,000', 'is_official ': 'TRUE', 'official': 'Langue officielle'}, {'alpha-2_code': 'BR', 'country_name_fr': 'Brésil', 'popularity': '100.00%', 'speakers ': '200,000,000', 'is_official ': 'TRUE', 'official': 'Langue officielle'}, {'alpha-2_code': 'LU', 'country_name_fr': 'Luxembourg', 'popularity': '16.00%', 'speakers ': '96,000', 'is_official ': 'FALSE', 'official': 'Langue officielle'}]"
zho,zh,zh-CN,mnd,Chinois,中国人,Chinese,TRUE,zho,Chinois,"Le mandarin (prononcé en français : /mɑ̃.da.ʁɛ̃/; chinois simplifié : 官话 ; chinois traditionnel : 官話 ; pinyin : guān huà, « langue des officiels », chinois simplifié : 北方话 ; chinois traditionnel : 北方話 ; pinyin : běifāng huà, « parlers du Nord »), parfois abusivement désigné sous les termes chinois voire pékinois, est une catégorie des langues chinoises parlée dans le nord et le sud-ouest de la Chine continentale. Envisagée comme une langue, c'est celle qui compte le plus grand nombre de locuteurs dans le monde. Il s'écrit au moyen des sinogrammes et on le transcrit maintenant le plus souvent en pinyin, mais aussi en zhuyin (bopomofo).
Même s'il est maintenant enseigné à tous les Chinois, certains Chinois plus âgés ne parlent pas le mandarin mais d'autres langues chinoises, comme le cantonais. Le mandarin, que les dirigeants communistes ont désigné comme la langue véhiculaire de leur nation entière en une version standardisée (dénommée 普通話 pǔtōnghuà, « langue commune »), était d'abord celle de communautés chinoises du nord du pays. Bien que possédant une ancienne histoire littéraire, elle ne dérive pas de la langue écrite classique littéraire et artificielle (文言 wényán), abandonnée en 1919 après avoir été utilisée comme langue écrite officielle et littéraire pendant plus de deux mille ans : en effet, c'est d'une langue vernaculaire parlée (白話 báihuà, « langue simple ») que le mandarin procède. 
En français comme dans les langues européennes, le mandarin fait référence à deux concepts distincts :

le chinois standard ou mandarin standard (Pǔtōnghuà/Zhōngwén/Guóyǔ/Huáyǔ/Hànyǔ), qui est basé sur le dialecte mandarin de Pékin. Le mandarin standard est la langue officielle en République populaire de Chine, en République de Chine (Taïwan) et l'une des quatre langues de Singapour. Le chinois, en pratique le mandarin standard, est une des six langues officielles des Nations unies ;
les différents dialectes parlés au nord, au centre et au sud-est de la Chine continentale. Ce groupe de dialectes est l'objet du présent article.En 1956, c'est la variante de Pékin qui est promue au rang de langue officielle. On la considère souvent comme la variante standard de cette langue. Le mandarin de Pékin possède cependant des spécificités (comme l'utilisation fréquente de la rétroflexion vocalique notée au moyen du suffixe -er) et on dit souvent que les Pékinois ont un « accent ». Le mandarin d'un Taïwanais est donc un peu différent de celui d'un Pékinois.
En dehors de la Chine d'importantes communautés chinoises partagent cette langue, qui est enseignée dans de nombreux lycées et universités de par le monde.
Comme les autres langues chinoises, c'est une langue à tons. Elle utilise quatre tonèmes, qui changent le sens du mot, haut et plat, montant, descendant légèrement puis remontant (modulé) et descendant.
Les tons sont représentés en Chine par les accents sur les voyelles des syllabes de l'écriture romanisée dite pinyin et, à Taïwan, par les mêmes accents sur les graphèmes du bopomofo. On utilise aussi le numéro du ton à la fin de la syllabe quand les contraintes techniques empêchent d'entrer ou de lire les accents.
Au quotidien, « mandarin » fait généralement référence au mandarin standard (Putonghua/Guoyu). À l'étranger, le mandarin constitue un groupe de dialectes, dont l'intelligibilité mutuelle est variable. Ce groupe de parlers est l'objet d'une reconnaissance établie chez les linguistes mais qui n'est pas nécessairement reconnue en dehors des cercles académiques.
Lorsqu'on interroge un locuteur d'un dialecte mandarin, il ne reconnaîtra pas normalement qu'il parle une variante du mandarin mais sa variante locale (dialecte du Sichuan, dialecte du nord-est, etc.), en le considérant comme différent du « mandarin standard » (putonghua). Il n'aura pas nécessairement conscience que les linguistes classent leur dialecte comme une forme du ""mandarin"" au sens linguistique ou vu de l'étranger.","[{'alpha-2_code': 'CN', 'country_name_fr': 'Chine', 'popularity': '100.00%', 'speakers ': '', 'is_official ': 'TRUE', 'official': 'Langue officielle'}, {'alpha-2_code': 'SG', 'country_name_fr': 'Singapour', 'popularity': '', 'speakers ': '', 'is_official ': 'FALSE', 'official': 'Une des quatre langues parlées'}, {'alpha-2_code': 'TW', 'country_name_fr': 'Taïwan', 'popularity': '100.00%', 'speakers ': '', 'is_official ': 'TRUE', 'official': 'Langue officielle'}]"
hin,hi,hi,hin,Hindi,हिन्दी,Hindi,TRUE,hin,Indique,"Le hindi (en hindi : हिन्दी hindī) est une langue indo-européenne, issue d'une standardisation des langues hindoustanies, utilisant les caractères et du vocabulaire sanskrit. Parlée essentiellement dans le nord et le centre de l'Inde, c'est une langue indo-européenne de la branche des langues indo-aryennes, qui en est la plus vaste famille, dérivée du sanskrit et de divers prâkrits, écrite la plupart du temps au moyen de l'alphasyllabaire devanāgarī, qui se lit et s'écrit de gauche à droite.
Le hindi, une des principales langues en Inde, est une des deux langues utilisées par le gouvernement fédéral avec l'anglais. Officiellement, le hindi devrait servir de lingua franca dans le pays, ce qui, dans les faits, n'est pas toujours le cas. En 2001, 41 % de la population indienne a déclaré avoir le hindi (ou un de ses dialectes) comme langue maternelle. Le hindi serait parlé en langue seconde par 20 à 25 % des Indiens, et son importance continue d'évoluer, car il est enseigné dans tous les États de l'Inde.
Avant la partition de 1947 entre l'Inde et le Pakistan, le hindi, langue officielle de l'Inde, et l'ourdou, langue officielle du Pakistan, constituaient une seule et même langue dans leur version familière appelée hindoustani. Cette version familière est toujours utilisée dans le cinéma indien en langue hindi dont fait partie Bollywood.
Dans leurs versions courante et soutenue le hindi s'écrit officiellement avec l'alphasyllabaire devanāgarī (de gauche à droite) et son vocabulaire provient essentiellement du sanskrit, alors que l'ourdou s'écrit au moyen de l'alphabet arabe (de droite à gauche), avec un vocabulaire dérivé du perse.
La syntaxe et les verbes des deux langues sont issus du sanskrit, ce qui rend les deux langues mutuellement compréhensibles à l'oral dans leur version familière où elles partagent une partie de leurs vocabulaires. Néanmoins, la sanskritisation du hindi et la persianisation de l'ourdou depuis la partition de 1947 dans les écoles et institutions respectives des deux pays ne permettent plus une aussi grande compréhension entre les locuteurs des deux langues. 
De nos jours, le hindi et ses dialectes tels que le bhojpuri sont parlés par au moins un milliard d'habitants dans le monde, principalement en Inde, au Népal et par la diaspora nord-indienne, comme à Maurice. Aussi, un locuteur du hindi communique aisément avec un locuteur de l'ourdou, lequel est presque la même langue : les différences sont dans les accents et les mots à caractères religieux ; à propos de l'islam pour l'ourdou et de l'hindouisme pour le hindi[réf. souhaitée]. 
Peu répandu dans les États du sud de l'Inde avant 1970, le hindi y est de nos jours de plus en plus choisi en seconde langue, le plus souvent bien avant l'anglais[réf. nécessaire].","[{'alpha-2_code': 'IN', 'country_name_fr': 'Inde', 'popularity': '44.00%', 'speakers ': '528,347,193', 'is_official ': 'FALSE', 'official': ''}]"
ben,bn,bn,ben,Bengali,বাংলা,"Bengali, Bangla",TRUE,ben,Indique,"Le bengali ou bangla (বাংলা (bangla)) est une langue indo-iranienne (sous-branche indo-aryenne) de la famille des langues indo-européennes. Avec l'assamais, il s'agit de la plus orientale des langues indo-européennes.
Originaire de la région du Bengale à l’Est du sous-continent indien, première langue parlée au Bangladesh (en 2011, 76 % de la population l'ayant comme langue maternelle), soit 106 millions de locuteurs ainsi que 13,8 % en tant que seconde langue, soit 19 millions de locuteurs, pour un total de 126 millions de locuteurs) et 2e langue parlée, en Inde, environ 94 millions de locuteurs langue maternelle, soit environ 200 millions de locuteurs langue maternelle dans le monde en 2011, le bengali est la langue nationale du Bangladesh et langue officielle dans les États indiens du Bengale-Occidental, Tripura et certains districts d’Assam. En outre, il est parlé par d'importantes communautés en Amérique du Nord, Europe, Moyen-Orient, Sud-Est asiatique.
C'est la langue maternelle d’environ 200 millions de locuteurs (5e ou 6e rang au niveau mondial).
La langue bengalie dérive du prakrit magadhi, une forme vernaculaire de l’ancien sanskrit, comme d'autres langues dont les plus proches sont l’assamais et l’oriya. Le bengali s’est développé en 1000-1200 ap. J.-C. Une grande partie de son vocabulaire a été empruntée au sanskrit, tout en recevant un apport lexical arabo-persan important. Il a influencé un grand nombre de langues tibéto-birmanes du nord-est de l'Inde, en particulier le metei qui lui a emprunté son écriture.
Il est noté dans un semi-syllabaire qui lui est propre, dérivé de la brahmi et très proche de la devanagari, dont il respecte les principes généraux ; son tracé est cependant plus anguleux.
Le bengali par sa grande diversité de variantes régionales constitue un continuum linguistique.
Le 21 février 1952, plusieurs personnes furent tuées lors d'une manifestation pour la langue bengalie. Pour cette raison en 1999, l’UNESCO décide de commémorer tous les 21 février comme Journée internationale de la langue maternelle.
Les représentants les plus connus du bengali sont le lauréat du prix Nobel de littérature Rabindranath Tagore et l'écrivain cinéaste Satyajit Ray.","[{'alpha-2_code': 'BD', 'country_name_fr': 'Bangladesh', 'popularity': '100.00%', 'speakers ': '100,000,000', 'is_official ': 'FALSE', 'official': 'Majoritaire et langue officielle'}, {'alpha-2_code': 'IN', 'country_name_fr': 'Inde', 'popularity': '8.00%', 'speakers ': '85,000,000', 'is_official ': 'FALSE', 'official': ''}]"
urd,ur,ur,urd,Urdu,اردو,Urdu,TRUE,urd,Indique,"L'ourdou ou urdu (autonyme : اُردُو, urdū ou Lashkari لشکری, sous une forme plus longue lashkari zūban لشکری زبان ), est une langue appartenant au groupe indo-iranien de la famille des langues indo-européennes. Il est parlé dans le Nord de l'Inde, ainsi qu'au Pakistan, dont il est la langue officielle et le support de l'identité nationale. En Inde, il est une langue officielle reconnue par la Constitution. Il s'écrit en alphabet perso-arabe. Plus de 165 millions de personnes utilisent l'ourdou, dont 60 à 80 millions qui l'utilisent comme première langue.","[{'alpha-2_code': 'PK', 'country_name_fr': 'Pakistan', 'popularity': '100.00%', 'speakers ': '109,100,000', 'is_official ': 'TRUE', 'official': 'Langue officielle'}, {'alpha-2_code': 'BD', 'country_name_fr': 'Bangladesh', 'popularity': '10.00%', 'speakers ': '500,000', 'is_official ': 'FALSE', 'official': 'Minorité appelée Bihari'}, {'alpha-2_code': 'IN', 'country_name_fr': 'Inde', 'popularity': '', 'speakers ': '58,340,000', 'is_official ': 'FALSE', 'official': 'L’urdu est proche de l’hindi'}]"
bul,bg,bg,bul,Bulgare,Български,Bulgarian,TRUE,bul,Slave,"Le bulgare est une langue de la famille des langues indo-européennes appartenant au groupe des langues slaves et plus particulièrement aux langues slaves méridionales, l'un de ses trois sous-groupes. Elle forme un continuum linguistique avec les autres membres de ce sous-groupe dont les principaux sont le serbo-croate, le slovène, le macédonien et le vieux-slave.
La langue bulgare est la langue officielle de la Bulgarie, où elle est principalement parlée, et constitue l'une des 24 langues officielles de l'Union européenne. Des communautés bulgarophones existent également dans les pays voisins de la Bulgarie, tels que l'Ukraine, la Moldavie, la Macédoine, la Roumanie, la Grèce et la Turquie, mais aussi dans la périphérie ouest de la Serbie, ainsi que de plus petites communautés dans de nombreux autres pays du monde, pour un total de 8 à 10 millions de locuteurs.","[{'alpha-2_code': 'BG', 'country_name_fr': 'Bulgarie', 'popularity': '86%', 'speakers ': '5,659,024', 'is_official ': 'TRUE', 'official': 'Langue officielle.'}, {'alpha-2_code': 'MD', 'country_name_fr': 'Moldavie', 'popularity': '2.00%', 'speakers ': '54,401', 'is_official ': 'FALSE', 'official': ''}]"
dan,da,da,dsh,Danois,Dansk,Danish,TRUE,dan,Germanique,"Le danois est une langue germanique principalement parlée au Danemark par les Danois.
Langue officielle du Danemark et des îles Féroé (à parité avec le féroïen), langue seconde du Groenland, le danois est aussi une des langues officielles de l'Union européenne. Il est généralement intelligible par les locuteurs du norvégien et du suédois et reste très enseigné comme langue secondaire en Islande, ancienne dépendance danoise.
Le danois est régi au Danemark par le conseil de la langue danoise.","[{'alpha-2_code': 'DE', 'country_name_fr': 'Allemagne', 'popularity': '5.00%', 'speakers ': '4,000,000', 'is_official ': 'FALSE', 'official': ''}, {'alpha-2_code': 'DK', 'country_name_fr': 'Danemark', 'popularity': '100.00%', 'speakers ': '6,000,000', 'is_official ': 'TRUE', 'official': 'Langue officielle'}, {'alpha-2_code': 'GL', 'country_name_fr': 'Groenland', 'popularity': '12.00%', 'speakers ': '6,840', 'is_official ': 'TRUE', 'official': 'Langue officielle'}, {'alpha-2_code': 'FO', 'country_name_fr': 'Îles Féroé', 'popularity': '100.00%', 'speakers ': '80,000', 'is_official ': 'FALSE', 'official': 'Langue officielle'}, {'alpha-2_code': 'IS', 'country_name_fr': 'Islande', 'popularity': '75.00%', 'speakers ': '235,500', 'is_official ': 'FALSE', 'official': ''}]"
est,et,et,est,Estonien,Eesti keel,Estonian,TRUE,est,Finnic,"L’Estonien est une langue finno-ougrienne assez proche, mais distincte, du finnois. Il n’a donc rien de commun avec les langues baltes, letton et lituanien, indo-européennes l’une et l’autre. La population purement estonienne du pays dépasse de peu 1 million de personnes, soit 60 % du total. Les Russes continue institue une très forte minorité qui approche des 30 % auquel s’ajoute d’autres nationalités comme les Ukrainiens 2,5 % ou des Biélorusses 1,6 %. Une faible partie des Russes parle estonien, alors que la majorité des Estoniens comprends le russe.","[{'alpha-2_code': 'EE', 'country_name_fr': 'Estonie', 'popularity': '82.00%', 'speakers ': '984,000', 'is_official ': 'TRUE', 'official': 'Langue officielle'}]"
ita,it,it,ita,Italien,Italiano,Italian,TRUE,ita,Langues latines,"L'italien (en italien : italiano) est une langue appartenant au groupe des langues romanes de la famille indo-européenne. Il existe un très grand nombre de dialectes italo-romans.
Comme beaucoup de langues nationales, l'italien moderne est un dialecte qui a « réussi » en s'imposant comme langue propre à une région beaucoup plus vaste que sa région dialectale originelle. En l'occurrence, c'est le dialecte toscan, de Florence, Pise et Sienne, qui s'est imposé, quoique dans sa forme illustre (koinè littéraire à base florentine enrichie par des apports siciliens, latins et d'autres régions italiennes), non pas pour des raisons politiques comme c'est souvent le cas, mais en raison du prestige culturel qu'il véhiculait. Le toscan est en effet la langue dans laquelle ont écrit Dante Alighieri, Pétrarque et Boccace, considérés comme les trois plus grands écrivains italiens de la fin du Moyen Âge. C'est aussi la langue de la ville de Florence, réputée pour sa beauté architecturale et son histoire prospère. C'est donc sans surprise que l'italien fut pendant longtemps la langue internationale de la culture et des arts, et que le vocabulaire de toutes les langues européennes conserve jusqu'à nos jours un grand nombre de termes italiens (notamment en musique, lesquels sont même repris dans d'autres langues comme le japonais).
Les normes générales de grammaire italienne ne furent pourtant fixées qu'à la Renaissance, avec la réforme linguistique de Pietro Bembo, érudit vénitien collaborateur d'Alde Manuce, qui en exposa les idées fondamentales dans Gli Asolani.","[{'alpha-2_code': 'CH', 'country_name_fr': 'Suisse', 'popularity': '8.00%', 'speakers ': '471,000', 'is_official ': 'TRUE', 'official': ""Langue officielle avec le français, l'allemand et le romanche.\nDans le canton du Tessin, langue officielle et la langue principale de 83 % de la population soit 254 997 habitants.\nDans le canton des Grisons, langue officielle avec le romanche et l'allemand (majoritaire) et langue principale de 10,2 % de la population, principalement dans les vallées méridionales : Val Mesolcina, Val Calanca, Val Bregaglia et Val Poschiavo.""}, {'alpha-2_code': 'IT', 'country_name_fr': 'Italie', 'popularity': '100.00%', 'speakers ': '59,798,000', 'is_official ': 'TRUE', 'official': 'Langue officielle'}, {'alpha-2_code': 'SI', 'country_name_fr': 'Slovénie', 'popularity': '', 'speakers ': '', 'is_official ': 'FALSE', 'official': 'Langue officielle avec le slovène dans les trois communes côtières Capodistria/Koper, Isola/Izola et Pirano/Piran'}, {'alpha-2_code': 'ER', 'country_name_fr': 'Érythrée', 'popularity': '', 'speakers ': '', 'is_official ': 'FALSE', 'official': ''}]"
bal,--,--,blc,Baloutchi,بلۏچی‎,Baluchi,TRUE,bal,Iranien,"Le baloutche (nom local : بلوچی / baločī) est une langue appartenant au groupe iranien de la famille des langues indo-européennes. Il est parlé au Baloutchistan, qui est actuellement divisé entre l'Iran, l'Afghanistan et le Pakistan. Il est parlé également dans une partie du Turkménistan et à Oman.","[{'alpha-2_code': 'AF', 'country_name_fr': 'Afghanistan', 'popularity': '1.00%', 'speakers ': '100,000', 'is_official ': 'TRUE', 'official': 'Parlé dans le sud du pays'}, {'alpha-2_code': 'IR', 'country_name_fr': 'Iran', 'popularity': '1.00%', 'speakers ': '500,000', 'is_official ': 'FALSE', 'official': ''}, {'alpha-2_code': 'PK', 'country_name_fr': 'Pakistan', 'popularity': '', 'speakers ': '', 'is_official ': 'FALSE', 'official': ''}]"
fre,fr,fr,fre,Français,Français,French,TRUE,fre,Langues latines,"Utilisation par pays
Europe - Langue officielle: Belgique, France, Luxembourg, Monaco, Suisse Andorre Statut officiel: - Amérique du Nord: Canada Langue officielle: Louisiane / USA (Statut officiel) - Océanie - Langue officielle: Polynésie française, Nouvelle-Calédonie, Vanuatu, Wallis et Futuna - Afrique - Langue officielle: Bénin, Burkina Faso, Burundi, Cameroun, République centrafricaine, Tchad, Comores, Congo, Djibouti, Gabon, Guinée, Côte d'Ivoire, Madagascar (Statut officiel), Département français de Mahoré, Mali, Mauritanie, Niger , Réunion, Rwanda, Sénégal, Seychelles (Statut officiel), Togo - Amérique centrale et du Sud - Langue officielle: Guyane française, Guadeloupe, Haïti, Martinique, Saint-Pierre et Miquelon

Contexte
Il appartient à la famille indo-européenne, groupe roman, et est la langue officielle de près de 200 millions de personnes. Il est parlé par plus de 124 millions de personnes, y compris des utilisateurs de langue seconde dans tous les pays. Il est largement compris dans le reste du monde, en particulier dans les pays qui ont ou ont des liens politiques ou économiques étroits avec la France, comme l'Algérie, le Maroc, le Liban, le Cambodge, le Vietnam, Tahiti et les Maldives. De manière significative, quarante-sept pays ont participé au 6e Sommet de la Francophonie (Le VIe Sommet francophone) qui s'est tenu à Cotonou, au Bénin, en décembre 1995. Le français est l'une des langues romanes, descendant du latin. L'apparition du latin en France (alors appelée Gaule) date de la conquête de la région par César dans la période 58-51 av. La Gaule est devenue l'une des provinces les plus riches et les plus importantes de l'Empire romain et le latin a remplacé les différentes langues celtiques (gauloises) comme langue du domaine. Un certain nombre de dialectes ont émergé mais l'histoire a favorisé le dialecte nordique appelé «la langue d'oïl», distingué de «l'occitan» ou «la langue d'oc», la langue du sud. Paris devint la capitale de la France au XIIe siècle et les Français parisiens prirent le dessus sur les autres. Aux 17e, 18e et 19e siècles, le français était une langue internationale prééminente.","[{'alpha-2_code': 'BE', 'country_name_fr': 'Belgique', 'popularity': '40.00%', 'speakers ': '4,800,000', 'is_official ': 'TRUE', 'official': 'Langue officielle'}, {'alpha-2_code': 'CH', 'country_name_fr': 'Suisse', 'popularity': '23.00%', 'speakers ': '1,500,000', 'is_official ': 'TRUE', 'official': 'Langue officielle. Quatre cantons sont unilingues français : Genève, Jura, Neuchâtel et Vaud.'}, {'alpha-2_code': 'EH', 'country_name_fr': 'Sahara Occidental', 'popularity': '', 'speakers ': '', 'is_official ': 'TRUE', 'official': ''}, {'alpha-2_code': 'FR', 'country_name_fr': 'France', 'popularity': '100.00%', 'speakers ': '66,000,000', 'is_official ': 'TRUE', 'official': 'Langue officielle'}, {'alpha-2_code': 'GN', 'country_name_fr': 'Guinée', 'popularity': '2.00%', 'speakers ': '272,600', 'is_official ': 'TRUE', 'official': 'Langue officielle'}, {'alpha-2_code': 'MR', 'country_name_fr': 'Mauritanie', 'popularity': '16.00%', 'speakers ': '705,500', 'is_official ': 'FALSE', 'official': ''}, {'alpha-2_code': 'NL', 'country_name_fr': 'Pays-Bas', 'popularity': '29.00%', 'speakers ': '5,014,100', 'is_official ': 'FALSE', 'official': ''}, {'alpha-2_code': 'AO', 'country_name_fr': 'Angola', 'popularity': '40.00%', 'speakers ': '', 'is_official ': 'FALSE', 'official': 'Parlé couramment dans le Nord-Ouest'}, {'alpha-2_code': 'AD', 'country_name_fr': 'Andorre', 'popularity': '70.00%', 'speakers ': '77,543', 'is_official ': 'FALSE', 'official': ''}, {'alpha-2_code': 'BJ', 'country_name_fr': 'Bénin', 'popularity': '100.00%', 'speakers ': '5,000,000', 'is_official ': 'TRUE', 'official': 'Langue officielle'}, {'alpha-2_code': 'CD', 'country_name_fr': 'République démocratique du Congo', 'popularity': '51.00%', 'speakers ': '42,500,000', 'is_official ': 'TRUE', 'official': ''}, {'alpha-2_code': 'US', 'country_name_fr': 'États-Unis', 'popularity': '1.00%', 'speakers ': '2,500,000', 'is_official ': 'FALSE', 'official': ''}, {'alpha-2_code': 'CA', 'country_name_fr': 'Canada', 'popularity': '50.00%', 'speakers ': '7,000,000', 'is_official ': 'TRUE', 'official': 'Langue officielle'}, {'alpha-2_code': 'PF', 'country_name_fr': 'Polynésie Française', 'popularity': '100.00%', 'speakers ': '', 'is_official ': 'FALSE', 'official': ''}, {'alpha-2_code': 'TN', 'country_name_fr': 'Tunisie', 'popularity': '52.00%', 'speakers ': '6,000,000', 'is_official ': 'FALSE', 'official': ''}, {'alpha-2_code': 'DZ', 'country_name_fr': 'Algérie', 'popularity': '80.00%', 'speakers ': '13,800,000', 'is_official ': 'FALSE', 'official': 'Largement compris et parlé'}, {'alpha-2_code': 'LU', 'country_name_fr': 'Luxembourg', 'popularity': '92.00%', 'speakers ': '552,000', 'is_official ': 'TRUE', 'official': 'Langue officielle'}, {'alpha-2_code': 'BF', 'country_name_fr': 'Burkina Faso', 'popularity': '100.00%', 'speakers ': '9,000,000', 'is_official ': 'TRUE', 'official': 'Langue officielle'}, {'alpha-2_code': 'CI', 'country_name_fr': ""Côte d'Ivoire"", 'popularity': '34.00%', 'speakers ': '8,200,000', 'is_official ': 'TRUE', 'official': 'Langue officielle\n69% de locutrices à Abidjan'}, {'alpha-2_code': 'GQ', 'country_name_fr': 'Guinée Équatoriale', 'popularity': '29.00%', 'speakers ': '', 'is_official ': 'TRUE', 'official': 'Langue officielle'}]"
dut,nl,nl,dut,Néerlandais,Nederlands,Dutch,TRUE,dut,Germanique,"Avec 25 millions de locuteurs maternels, le néerlandais est la troisième langue germanique, après l'anglais et l'allemand. Elle est langue officielle aux Pays-Bas et dans ses territoires d'outre mer, en Belgique et au Suriname. Elle est enfin langue régionale en France (Flandre), même s’il subsiste des différences entre flamand et néerlandais.
Sur le plan linguistique, le néerlandais se situe entre l’anglais et l’allemand, quoique plus proche de ce dernier.","[{'alpha-2_code': 'BE', 'country_name_fr': 'Belgique', 'popularity': '70.00%', 'speakers ': '8,400,000', 'is_official ': 'TRUE', 'official': 'Langue officielle'}, {'alpha-2_code': 'NL', 'country_name_fr': 'Pays-Bas', 'popularity': '100.00%', 'speakers ': '17,290,000', 'is_official ': 'TRUE', 'official': 'langue officielle.'}]"